equation_{2},answer_{2},equation_{3},answer_{3},equation_{4},answer_{4},equation_{5},answer_{5},equation_{6},answer_{6},equation_{7},answer_{7},equation_{8},answer_{8},equation_{9},answer_{9},equation_{10},answer_{10},equation_{11},answer_{11},equation_{12},answer_{12},equation_{13},answer_{13},equation_{14},answer_{14},equation_{15},answer_{15},equation_{16},answer_{16}
110001010011111_{2}-110101110101010_{2}=,"Converting both numbers to decimal:
110001010011111_{2} = 10783_{10}
110101110101010_{2} = 11082_{10}

Performing the subtraction in decimal:
10783_{10} - 11082_{10} = -299_{10}

Converting the result back to binary:
-299_{10} = 100101101_{2}

Therefore, 110001010011111_{2} - 110101110101010_{2} = 100101101_{2}",1021122002_{3}-1101210211_{3}=,"To compute the difference between \(1021122002_3\) and \(1101210211_3\):
1. Convert both numbers to base 10:
   - \(1021122002_{3} = 1*3^9 + 0*3^8 + 2*3^7 + 1*3^6 + 1*3^5 + 2*3^4 + 2*3^3 + 0*3^2 + 0*3^1 + 2*3^0 = 885419\)
   - \(1101210211_{3} = 1*3^9 + 1*3^8 + 0*3^7  + 1*3^6 + 2*3^5 + 1*3^4 + 0*3^3 + 2*3^2 + 1*3^1 + 1*3^0 = 870020\)
2. Subtract \(870020\) from \(885419\):
   \(885419 - 870020 = 15399\)

Therefore, \(1021122002_3 - 1101210211_3 = 15399_{10}\).",12022133_{4}-12232222_{4}=,"To subtract numbers in base 4, we need to perform the subtraction column by column, borrowing when necessary. 

Step 1: Perform the subtraction of the ones column:
3 (base 4) - 2 (base 4) = 1 (base 4)

Step 2: Perform the subtraction of the fours column:
3 (base 4) - 2 (base 4) = 1 (base 4)

Step 3: Perform the subtraction of the sixteens column:
2 (base 4) - 2 (base 4) = 0 (base 4)

Step 4: Perform the subtraction of the sixty-fours column:
0 (base 4) - 3 (base 4) = -3 (base 4) = 3 (base 4) with carrying 1 to the 256 column

Step 5: Perform the subtraction of the two hundred fifty-six column:
1 (base 4) - 1 (base 4) (from the carry) = 0 (base 4)

Therefore, \(12022133_{4} - 12232222_{4} = 301_{4}\)",1301442_{5}-1340222_{5}=,"To subtract 1301442_{5} from 1340222_{5}, we need to align the numbers properly and perform the subtraction operation in base 5.

\[
\begin{array}{c@{}c@{\;}c@{}c@{}c@{}c@{}c}
 & & & 1 & 3 & 4 & 0 & 2 & 2 & 2_{5} \\
- & & & 1 & 3 & 0 & 1 & 4 & 4 & 2_{5} \\
\cline{1-10}
 & & & & 4 & 4 & 4 & 3 & 3 & 3_{5} \\
\end{array}
\]

Therefore, 1301442_{5} - 1340222_{5} = 444333_{5}.",312515_{6}-331334_{6}=,"To subtract 331334_{6} from 312515_{6}, we can first convert the numbers to base 10, subtract them, and then convert the result back to base 6.

In base 10, 312515_{6} = 3*6^5 + 1*6^4 + 2*6^3 + 5*6^2 + 1*6^1 + 5*6^0 = 13951_{10}

In base 10, 331334_{6} = 3*6^5 + 3*6^4 + 1*6^3 + 3*6^2 + 3*6^1 + 4*6^0 = 15362_{10}

Subtracting 15362_{10} from 13951_{10} gives 13951_{10} - 15362_{10} = -1411_{10}

Converting -1411_{10} to base 6, we get -1411 = -3*6^3 + 1*6^2 + 5*6^1 + 5*6^0 = -3515_{6}

Therefore, 312515_{6} - 331334_{6} = -3515_{6}",133415_{7}-143233_{7}=,"To subtract the two numbers, we first need to align them properly:

```
   133415
-  143233
```

Performing the subtraction:

   133415_{7}-143233_{7}= 101102_{7}",61237_{8}-65652_{8}=,"Converting both numbers to base 10:
61237_{8} = 6*8^4 + 1*8^3 + 2*8^2 + 3*8 + 7 = 20127_{10}
65652_{8} = 6*8^4 + 5*8^3 + 6*8^2 + 5*8 + 2 = 26962_{10}

Subtracting 20127_{10} - 26962_{10} = -6835_{10}

Converting the result back to base 8:
-6835_{10} = -1*8^4 + 4*8^3 + 6*8^2 + 3*8 + 5 = 17733_{8}

Therefore, 61237_{8}-65652_{8}=17733_{8}",37562_{9}-41724_{9}=,"To subtract these two numbers, we first need to borrow from the left. 

Then, 
\[ \begin{array}{}
& & & 3 & 7 & 5 & 6 & 2_{9}\\ 
& - & 4 & 1 & 7 & 2 & 4_{9}\\ 
\end{array} \]

We borrow from the left to get:
\[ \begin{array}{}
& & & 2_{9} & 16 & 15 & 16 & 2_{9}\\ 
& - & 4 & 1 & 7 & 2 & 4_{9}\\ 
& & & & 3 & 8 & 13_{9}\\ 
\end{array} \]

Then, we continue to borrow until the second column: 
\[ \begin{array}{}
& & & 1 & 15 & 14_{9} & 16 & 2_{9}\\ 
& - & 4 & 1 & 7 & 2 & 4_{9}\\ 
& & & & 8 & 6 & 16_{9}\\ 
\end{array} \]

Then, we continue to borrow until the third column: 
\[ \begin{array}{}
& & & 0 & 24_{9} & 14_{9} & 16 & 2_{9}\\ 
& - & 4 & 1 & 7 & 2 & 4_{9}\\ 
& & & 8 & 15_{9} & 14_{9} & 16_{9}\\ 
\end{array} \]

Finally, we get 
\[ 37562_{9} - 41724_{9} = 81516_{9} \]

Therefore, 
\[ 37562_{9} - 41724_{9} = 81516_{9} \]",25247_{10}-27562_{10}=,"To calculate the result of the subtraction \(25247_{10}-27562_{10}\), we should first subtract the two numbers:

\[
25247_{10}-27562_{10} = -2325_{10}
\]

Therefore, the result of the subtraction \(25247_{10}-27562_{10} = -2325_{10}\).",17A72_{11}-19787_{11}=,"To subtract these two numbers, we need to find the difference of their decimal equivalents first. 

$17A72_{11}$ in base 11 equals $1*11^4 + 7*11^3 + 10*11^2 + 7*11^1 + 2*11^0 = 14641 + 847 + 1210 + 77 + 2 = 16777_{10}$.

$19787_{11}$ in base 11 equals $1*11^4 + 9*11^3 + 7*11^2 + 8*11^1 + 7*11^0 = 14641+ 9801 + 847 + 88 + 7 = 25384_{10}$. 

$16777_{10} - 25384_{10} = -8607_{10}$

Therefore,  $17A72_{11} - 19787_{11} = -8607_{10}$

$\boxed{17A72_{11}-19787_{11}=-8607_{10}}$",1273B_{12}-13B4A_{12}=,"First, let's convert both numbers to base 10:
1273B_{12} = 1*12^4 + 2*12^3 + 7*12^2 + 3*12^1 + 11*12^0 = 24811_{10}
13B4A_{12} = 1*12^4 + 3*12^3 + 11*12^2 + 4*12^1 + 10*12^0 = 49770_{10}

Now, perform the subtraction:
24811_{10} - 49770_{10} = -24959_{10}

Finally, convert the result back to base 12:
-24959_{10} = -1*12^4 + 2*12^3 + 11*12^2 + 9*12^1 + 1*12^0 = -12B91_{12}

Therefore, 1273B_{12} - 13B4A_{12} = -12B91_{12}.",B651_{13}-C712_{13}=,"First, we need to convert the numbers to base 10:
B651_{13} = (11 * 13^3) + (6 * 13^2) + (5 * 13^1) + (1 * 13^0) = 25493
C712_{13} = (12 * 13^3) + (7 * 13^2) + (1 * 13^1) + (2 * 13^0) = 28697

Now subtract the second number from the first:
25493 - 28697 = -3204

Therefore, B651_{13} - C712_{13} = -3204_{10}.

Equation: B651_{13} - C712_{13} = -3204_{10}",92B5_{14}-A08A_{14}=,"First, let's convert the numbers to base 10:
- 92B5_{14} = 9*14^3 +  2*14^2 + 11*14^1 + 5*14^0 = 9*2744 + 2*196 + 11*14 + 5*1 = 24696 + 392 + 154 + 5 = 25247
- A08A_{14} = 10*14^3 + 0*14^2 + 8*14^1 + 10*14^0 = 10*2744 + 0*196 + 8*14 + 10*1 = 27440 + 0 + 112 + 10 = 27562

Now, let's subtract 27562 - 25247 = 2315 in base 10.

Converting 2315 to base 14:
2315 / 14 = 165 with a remainder of 5 (5)
165 / 14 = 11 with a remainder of 11 (B)
11 / 14 = 0 with a remainder of 11 (B)

Therefore, the result is 11B5_{14}.

$92B5_{14} - A08A_{14} = 11B5_{14}$",7732_{15}-8277_{15}=,"First, we need to borrow from the next place value to subtract in base 15. 

\[
\begin{array}{c@{}c@{}c@{}c@{}c@{}c@{}c}
          & 7 & 7 & 3 & 2 & _{15} \\
- & 8 & 2 & 7 & 7 & _{15} \\
\cline{2-5}
\end{array}
\]

After borrowing, the new equation becomes:

\[
\begin{array}{c@{}c@{}c@{}c@{}c@{}c@{}c}
          & 6_{15} & 17_{15} & 10_{15} & 2_{15} \\
- & 8_{15} & 2_{15} & 7_{15} & 7_{15} \\
\cline{2-5}
\end{array}
\]

Now we subtract starting from the rightmost digit:

\[
\begin{array}{c@{}c@{}c@{}c@{}c@{}c@{}c}
          & 6_{15} & 16_{15} & 9_{15} & 2_{15} \\
- & 8_{15} & 2_{15} & 7_{15} & 7_{15} \\
\cline{2-5}
          & \textbf{5_{15}} & 14_{15} & 2_{15} & 10_{15} \\
\end{array}
\]

Lastly, we convert the result back to base 15:

$5_{15} = 5_{15}$

Therefore, $7732_{15}-8277_{15}=5_{15}$.",629F_{16}-6BAA_{16}=,"First, let's convert the hexadecimal numbers to decimal numbers in orderto perform subtraction:

$629F_{16}=25023_{10}$

$6BAA_{16}=27562_{10}$

Next, performing the subtraction:

$25023_{10} - 27562_{10} = -2539_{10}$

Finally, convert the result back to hexadecimal:

$-2539_{10} = -9EB_{16}$

Therefore, $629F_{16} - 6BAA_{16} = -9EB_{16}$."
101001011101_{2}-100001001001000_{2}=,"First, we need to convert the numbers to decimal, perform the subtraction, and then convert the result back to binary.

Converting \(101001011101_{2}\) to decimal:  
\( = 1 \times 2^{11} + 0 \times 2^{10} + 1 \times 2^{9} + 0 \times 2^{8} + 0 \times 2^{7} + 1 \times 2^{6} + 0 \times 2^{5} + 1 \times 2^{4} + 1 \times 2^{3} + 1 \times 2^{2} + 1 \times 2^{1} + 0 \times 2^{0} \)  
\( = 2048 + 512 + 256 + 64 + 32 + 16 + 4 + 2 + 1 \)  
\( = 2935 \)

Converting \(100001001001000_{2}\) to decimal:  
\( = 1 \times 2^{14} + 1 \times 2^{13} + 1 \times 2^{10} + 1 \times 2^{7} + 1 \times 2^{5} + 1 \times 2^{4} \)  
\( = 16384 + 8192 + 1024 + 128 + 32 + 16 \)  
\( = 24976 \)

Performing the subtraction:  
\( 2935 - 24976 = -22041 \)

Converting -22041 to binary:  
\( = -2^{15} + 2^{14} + 2^{13} + 2^{12} + 2^{11} + 2^{10} + 2^{9} + 2^{8} + 2^{5} + 2^{1} \)  
\( = 1 \times 2^{14} + 1 \times 2^{13} + 1 \times 2^{12} + 1 \times 2^{11} + 1 \times 2^{10} + 1 \times 2^{9} + 1 \times 2^{8} + 1 \times 2^{5} + 1 \times 2^{1} \)  
\( = 111111000110111_{2} \)

Therefore, \(101001011101_{2} - 100001001001000_{2} = 111111000110111_{2}\).",10122021_{3}-212021110_{3}=,"To compute 10122021_{3} - 212021110_{3}, we need to first convert the numbers into base 10, perform the subtraction, and then convert the result back to base 3.

Converting 10122021_{3} to base 10:
1*3^7 + 0*3^6 + 1*3^5 + 2*3^4 + 2*3^3 + 0*3^2 + 2*3^1 + 1*3^0 = 21870

Converting 212021110_{3} to base 10:
2*3^8 + 1*3^7 + 2*3^6 + 0*3^5 + 2*3^4 + 1*3^3 + 1*3^2 + 0*3^1 + 2*3^0 = 268254

Performing the subtraction 21870 - 268254 = -246384

Converting -246384 to base 3:
-246384 = -1*3^15 + 1*3^14 + 2*3^13 + 0*3^12 + 0*3^11 + 0*3^10 + 0*3^9 + 0*3^8 + 0*3^7 + 1*3^6 + 0*3^5 + 1*3^4 + 1*3^3 + 1*3^2 + 1*3^1 + 0*3^0
Thus, 10122021_{3} - 212021110_{3} = -1012000011110010_{3}",221131_{4}-10021020_{4}=,"To compute the difference between 221131_{4} and 10021020_{4}, we first need to align the numbers by adding leading zeroes to make them the same length.

\[
\begin{array}{c@{}c@{}c@{}c@{}c@{}c }
& & 2 & 2 & 1 & 1 & 3 & 1_{4} \\
- & & 1 & 0 & 0 & 2 & 1 & 0 & 2 & 0_{4} \\
\hline
\end{array}
\]

Converting the numbers to base 10:
\[
\begin{array}{c@{}c@{}c@{}c@{}c@{}c }
& & 2 & 2 & 1 & 1 & 3 & 1_{4} \\
- & & 1 & 0 & 0 & 2 & 1 & 0 & 2 & 0_{4} \\
\hline
& & 4+8+16+64+128 & & 3+1 & & 1_{10} \\
- & & 16+64+512+16384 & & 2+16+512 & & 2560_{10} \\
\hline
= & & 342 & & 4 & & -2459_{10} \\
\end{array}
\]

Therefore, the result of \( 221131_{4}-10021020_{4} \) is \( -2117_{10} \).",41103_{5}-1020333_{5}=,"To subtract these numbers in base 5, we need to align them accordingly and then perform the subtraction digit by digit. 

```
   4  1  1  0  3
-  1  0  2  0  3  3 3
___________________
   3  1  3  1  0  0
```

Therefore, \( 41103_{5} - 1020333_{5} = 313100_{5} \).",20141_{6}-210320_{6}=,"Converting the numbers to base 10:
20141_{6} = 1*6^0 + 4*6^1 + 1*6^2 + 0*6^3 + 2*6^4 = 1 + 24 + 36 + 0 + 432 = 493
210320_{6} = 0*6^0 + 2*6^1 + 3*6^2 + 0*6^3 + 1*6^4 + 2*6^5 = 0 + 12 + 108 + 0 + 1296 + 2592 = 4008

493 - 4008 = -3515

Therefore, 20141_{6} - 210320_{6} = -3515_{10}.

Equation: 20141_{6} - 210320_{6} = -3515_{10}.",10510_{7}-100320_{7}=,"To subtract these two numbers, we can align them properly:

\[
\begin{array}{}
& & 1 & 0 & 5 & 1 & 0_7 \\
- & & 1 & 0 & 0 & 3 & 2 & 0_7 \\
\hline
& & & 0 & 4 & 4 & 3_7 \\
\end{array}
\]

Therefore, \(10510_{7} - 100320_{7} = 443_{7}\).",5135_{8}-41110_{8}=,"To subtract these two numbers, we can first convert them to decimal:
$5\times8^{0}+3\times8^{1}+1\times8^{2}+5\times8^{3} - 4\times8^{0} - 1\times8^{1} - 1\times8^{2} - 1\times8^{3} - 0\times8^{4} = 261 - 33 = 228_{10}$

Converting the result back to base 8:
$228_{10} = 3\times8^{0} + 5\times8^{1} = 354_{8}$

Therefore, $5135_{8}-41110_{8}=354_{8}$.",3567_{9}-25243_{9}=,"To subtract the numbers 3567_{9} and 25243_{9}, we first need to borrow 1 from the next higher place value in order to subtract. Thus, 3_{9} is increased to 13_{9}.

\[
\begin{array}{c@{}c@{}c@{}c@{}c@{}c}
& & \cancel{3} & 5 & 6 & 7_{9} \\
& - & 2 & 5 & 2 & 4_{9} \\
\cline{2-6}
& & 1_{9} & 0_{9} & 4_{9}& 3_{9} \\
\end{array}
\]

So, \( 3567_{9} - 25243_{9} = 1043_{9} \).",2653_{10}-16968_{10}=,2653_{10}-16968_{10}=-14315_{10},1AA2_{11}-11826_{11}=,"First, we need to convert the numbers to base 10. 

Converting 1AA2 base 11 to base 10:
1AA2 base 11 = 1*(11^3) + 10*(11^2) + 10*(11^1) + 2*(11^0) = 1*1331 + 10*121 + 10*11 + 2*1 = 1331 + 1210 + 110 + 2 = 2653 base 10

Converting 11826 base 11 to base 10:
11826 base 11 = 1*(11^4) + 1*(11^3) + 8*(11^2) + 2*(11^1) + 6*(11^0) = 1*14641 + 1*1331 + 8*121 + 2*11 + 6*1 = 14641 + 1331 + 968 + 22 + 6 = 16968 base 10

Now, subtracting 2653 base 10 from 16968 base 10:
16968 - 2653 = 14315 base 10

Therefore, the result is 14315_{10}.

Equation: 1AA2_{11} - 11826_{11} = 14315_{10}.",1651_{12}-99A0_{12}=,"First, we can convert the numbers to base 10 for easier computation.

1651_{12} = 1*12^3 + 6*12^2 + 5*12^1 + 1*12^0 = 2071_{10}

99A0_{12} = 9*12^3 + 9*12^2 + 10*12^1 + 0*12^0 = 3864_{10}

Therefore, 2071_{10} - 3864_{10} = -1793_{10}.

Converting -1793_{10} to base 12:

-1793 = -1 * 12^3 + 2 * 12^2 + 5 * 12^1 + 11 * 12^0 = -152B_{12}

Therefore, 1651_{12} - 99A0_{12} = -152B_{12}.",1291_{13}-7953_{13}=,"First, we need to subtract the numbers in base 13:

1. \( 1_{13} - 3_{13} = -2_{13} = 11_{13} \) (borrowing 1 from the next column to the left)
2. \( 9_{13} - 5_{13} = 4_{13} \)
3. \( 2_{13} - 9_{13} = -7_{13} = 6_{13} \) (borrowing 1 from the next column to the left)
4. \( 1_{13} - 7_{13} = -6_{13} = 7_{13} \) (borrowing 1 from the next column to the left)

Therefore, \( 1291_{13} - 7953_{13} = -6662_{13} \)

\[
1291_{13} - 7953_{13} = -6662_{13}
\]",D77_{14}-6280_{14}=,"Converting the numbers to base 10:
D77_{14} = 13*14^2 + 7*14^1 + 7*14^0 = 13*196 + 7*14 + 7 = 2545_{10}
6280_{14} = 6*14^3 + 2*14^2 + 8*14^1 + 0*14^0 = 6*2744 + 2*196 + 8*14 + 0 = 17472_{10}

Subtracting the base 10 values:
2545_{10} - 17472_{10} = -14927_{10}

Converting the result back to base 14:
-14927_{10} = -8*14^3 + 9*14^2 + 5*14^1 + 1*14^0 = -8*2744 + 9*196 + 5*14 + 1 = -8E51_{14}

Therefore, D77_{14} - 6280_{14} = -8E51_{14}",BBD_{15}-5063_{15}=,"First, we need to convert the numbers to base 10:  
BBD_{15} = 11*15^2 + 11*15^1 + 13*15^0 = 11*225 + 11*15 + 13*1 = 2475 + 165 + 13 = 2653_{10}  
5063_{15} = 5*15^3 + 0*15^2 + 6*15^1 + 3*15^0 = 5*3375 + 6*15 + 3 = 16875 + 90 + 3 = 16968_{10}  

Now we subtract the base 10 values:  
2653_{10} - 16968_{10} = -14315_{10}  

Converting the result back to base 15:  
-14315_{10} = -B1F_{15}  

Therefore, BBD_{15} - 5063_{15} = -B1F_{15}.",A5D_{16}-4248_{16}=,A5D_{16}-4248_{16}=87F_{16}
1000001011100010_{2}-111110001100101_{2}=,"Converting both numbers to decimal form:
\(1000001011100010_{2} = 69426_{10}\)
\(111110001100101_{2} = 78789_{10}\)

Subtracting the decimal values:
\(69426_{10} - 78789_{10} = -9359_{10}\)

Converting the result back to binary:
\(-9359_{10} = -10010010011111_{2}\)

\(1000001011100010_{2} - 111110001100101_{2} = -10010010011111_{2}\)",1200221222_{3}-1121200110_{3}=,"To subtract two numbers in base 3, we perform the arithmetic operations column by column, carrying over as needed:

\[
\begin{array}{}
& & 1 & 2 & 0 & 0 & 2 & 2 & 1 & 2 & 2 & 2_{3} \\
- & & 1 & 1 & 2 & 1 & 2 & 0 & 0 & 1 & 1 & 0_{3} \\
\hline
& & 0 & 0 & 0 & 2 & 0 & 2 & 2 & 1 & 1 & 2_{3} \\
\end{array}
\]

Therefore, \(1200221222_{3}-1121200110_{3} = 0002022112_{3}\).",20023202_{4}-13301211_{4}=,"To subtract the two numbers, we can follow the borrowing method in base-4 arithmetic.

\[
\begin{array}{}
\text{  }& 2_{4} & 0_{4} & 2_{4} & 3_{4} & 2_{4} & 0_{4} & 2_{4} \\
- & 1_{4} & 3_{4} & 3_{4} & 0_{4} & 1_{4} & 2_{4} & 1_{4} \\
\hline
& 0_{4} & 3_{4} & 3_{4} & 3_{4} & 1_{4} & 1_{4} & 1_{4}
\end{array}
\]

Therefore, \(20023202_{4} - 13301211_{4} = 03331111_{4}\).",2033011_{5}-2004340_{5}=,"To subtract 2004340_{5} from 2033011_{5}, we need to align the two numbers properly and then perform borrowing as necessary.

\[
\begin{array}{}
& & \text{2} & \text{0} & \text{3} & \text{3} & \text{0} & \text{1} & \text{1}_{5} \\
- & & \text{2} & \text{0} & \text{0} & \text{4} & \text{3} & \text{4} & \text{0}_{5} \\
\hline
& & \text{0} & \text{0} & \text{2} & \text{8} & \text{6} & \text{4} & \text{1}_{5} \\
\end{array}
\]

Therefore, \(2033011_{5} - 2004340_{5} = 0028641_{5}\).",415042_{6}-403233_{6}=,"To subtract the numbers 415042 and 403233 in base 6, we will line up the numbers and perform the subtraction:

\[
\begin{array}{cccccc}
& & & 4 & 1 & 5 & 0 & 4_6 \\
- & & & 4 & 0 & 3 & 2 & 3_6 \\
\hline
& & & 0 & 1 & 1 & 3 & 1_6 \\
\end{array}
\]

Therefore, \(415042_6 - 403233_6 = 11131_6\).",166454_{7}-161562_{7}=,"To subtract these two numbers, we first align them by place value:

\[
\begin{array}{c@{}c@{}c@{}c@{}c@{}c}
 & & 1 & 6 & 6 & 4 & 5_{7} \\
- & & 1 & 6 & 1 & 5 & 6_{7} \\
\hline
\end{array}
\]

Now, we can perform the subtraction:

$4_{7}$ (borrow 1)

$15_{7} - 6_{7} = 3_{7}$

$4_{7} - 5_{7}$ (borrow 1)

$14_{7} - 5_{7} = 6_{7}$

$1_{7} - 1_{7} = 0_{7}$

$1_{7} - 1_{7} = 0_{7}$

The final result is $503_{7}$.

\[
166454_{7}-161562_{7}=503_{7}
\]",101342_{8}-76145_{8}=,"First, we need to align the numbers to subtract them:
```
  101342
-  76145
--------
```

Converting both numbers to base 10:
- $101342_8 = 1*8^5 + 0*8^4 + 1*8^3 + 3*8^2 + 4*8^1 + 2*8^0 = 42560$.
- $76145_8 = 7*8^4 + 6*8^3 + 1*8^2 + 4*8^1 + 5*8^0 = 31781$.

Therefore, subtracting $42560 - 31781 = 10779$.

The final result is $10779_{10}$. 
Therefore, $101342_{8}-76145_{8}=10779_{10}$.",50858_{9}-47613_{9}=,"To subtract $47613_9$ from $50858_9$, we can align the numbers and perform the subtraction:

\[
\begin{array}{c@{}c@{}c@{}c@{}c}
& & 5 & 0 & 8 & 5 & 8_9 \\
- & & 4 & 7 & 6 & 1 & 3_9 \\
\hline
& & 0 & 2 & 2 & 4 & 5_9
\end{array}
\]

Therefore, $50858_{9}-47613_{9}=02245_{9}$.",33506_{10}-31845_{10}=,33506_{10}-31845_{10}=1661_{10},231A0_{11}-21A20_{11}=,"To perform the subtraction of these two numbers, we need to convert them to a common base first. Let's convert them to base 10:

231A0_{11} = 2 * 11^4 + 3 * 11^3 + 1 * 11^2 + 10 * 11^1 + 0 * 11^0 = 2 * 14641 + 3 * 1331 + 1 * 121 + 10 * 11 + 0 = 29282 + 3993 + 121 + 110 = 33406_{10}

21A20_{11} = 2 * 11^4 + 1 * 11^3 + 10 * 11^2 + 2 * 11^1 + 0 * 11^0 = 2 * 14641 + 1 * 1331 + 10 * 121 + 2 * 11 + 0 = 29282 + 1331 + 1210 + 22 = 31733_{10}

Now, we can subtract them in base 10:

33406_{10} - 31733_{10} = 1673_{10}

Therefore, 231A0_{11} - 21A20_{11} = 1673_{10}.

$\boxed{231A0_{11}-21A20_{11}=1673_{10}}$",17482_{12}-16519_{12}=,"To subtract two numbers in base 12, we can first convert them to base 10, perform the subtraction, and then convert the result back to base 12.
Converting 17482_{12} to base 10:
1 * 12^4 + 7 * 12^3 + 4 * 12^2 + 8 * 12^1 + 2 * 12^0 = 20736 + 9072 + 576 + 96 + 2 = 30782_{10}
Converting 16519_{12} to base 10:
1 * 12^4 + 6 * 12^3 + 5 * 12^2 + 1 * 12^1 + 9 * 12^0 = 20736 + 6480 + 720 + 12 + 9 = 27557_{10}
Performing the subtraction in base 10: 
30782 - 27557 = 3225
Converting 3225_{10} to base 12:
3225 = 12^3 * 2 + 12^2 * 4 + 12^1 * 7 + 12^0 * 9 = 2479_{12}

Therefore, 17482_{12} - 16519_{12} = 2479_{12}.",12335_{13}-11658_{13}=,"To compute $12335_{13}-11658_{13}$, we first need to borrow:

$12335_{13}$
$-11658_{13}$
$\underline{\hspace{2cm}}$

Now, performing the subtraction:

$12335_{13}$
$-11658_{13}$
$\underline{\hspace{1cm}}$
$00777_{13}$

Therefore, $12335_{13}-11658_{13} = 00777_{13}$.",C2D4_{14}-B869_{14}=,"First, we need to convert the numbers to base 10:
C2D4_{14} = (12 * 14^3) + (2 * 14^2) + (13 * 14^1) + (4 * 14^0) = 12*14^3 + 2*14^2 + 13*14^1 + 4*14^0 = 12*2744 + 2*196 + 13*14 + 4 = 32928 + 392 + 182 + 4 = 33506
B869_{14} = (11 * 14^3) + (8 * 14^2) + (6 * 14^1) + (9 * 14^0) = 11*14^3 + 8*14^2 + 6*14^1 + 9*14^0 = 11*2744 + 8*196 + 6*14 + 9 = 30284 + 1568 + 84 + 9 = 31945

Now, we subtract to find the result in base 10: 33506 - 31945 = 1561

Therefore, C2D4_{14} - B869_{14} = 1561_{10}.",9DDB_{15}-9680_{15}=,"First, we need to convert the numbers to base 10:
$9DDB_{15} = 9*15^3 + 13*15^2 + 13*15^1 + 11*15^0 = 9*3375 + 13*225 + 13*15 + 11 = 30375 + 2925 + 195 + 11 = 33606_{10}$

$9680_{15} = 9*15^3 + 6*15^2 + 8*15^1 = 9*3375 + 6*225 + 8*15 = 30375 + 1350 + 120 = 31645_{10}$

Now, subtracting them:
$33606_{10} - 31645_{10} = 1961_{10}$

Therefore, $9DDB_{15} - 9680_{15} = 1961_{10}$.",82E2_{16}-7C65_{16}=,"82E2_{16}-7C65_{16} = 82E2_{16} - 7C65_{16} = 82E2_{16} + (10000)_{16}

82E2_{16} = 0*16^0 + 2*16^1 + 14*16^2 + 8*16^3 = 0 + 32 + 3584 + 32768 = 36184

(10000)_{16} = 0*16^0 + 0*16^1 + 0*16^2 + 0*16^3 + 1*16^4 = 1*16^4 = 1*65536 = 65536

36184 + 65536 = 101720

Therefore, 82E2_{16}-7C65_{16} = 101720_{10}."
110011110101001_{2}-100110110100101_{2}=,"First, let's convert the numbers to decimal to perform the subtraction:

110011110101001_{2} = 15481_{10}
100110110100101_{2} = 11893_{10}

Now, subtracting:

15481_{10} - 11893_{10} = 3590_{10}

Converting the result back to binary:

3590_{10} = 111000000110_{2}

Therefore, 110011110101001_{2} - 100110110100101_{2} = 111000000110_{2}",1100101212_{3}-1000021012_{3}=,"To subtract 1000021012 and 1100101212 in base 3:

1. Convert both numbers to base 10:
1000021012_{3} = 1*(3^9) + 0*(3^8) + 0*(3^7) + 0*(3^6) + 0*(3^5) + 2*(3^4) + 1*(3^3) + 0*(3^2) + 1*(3^1) + 2*(3^0) = 19683
1100101212_{3} = 1*(3^9) + 1*(3^8) + 0*(3^7) + 0*(3^6) + 1*(3^5) + 2*(3^4) + 1*(3^3) + 2*(3^2) + 1*(3^1) + 2*(3^0) = 22918

2. Subtract the base 10 values: 22918 - 19683 = 3235

3. Convert the result back to base 3: 
3235 = 1*(3^7) + 2*(3^6) + 2*(3^5) + 2*(3^4) + 0*(3^3) + 2*(3^2) + 2*(3^1) + 2*(3^0) = 12022022_{3}

Therefore, 1100101212_{3} - 1000021012_{3} = 12022022_{3}",12132221_{4}-10312211_{4}=,"To solve this equation, let's subtract the two numbers in base 4.

First, let's align the two numbers:
```
   12132221
-  10312211
------------
```

Now, let's perform the subtraction:
```
          1
   12132221
-  10312211
------------
     155010
```

Therefore, the result of the equation \(12132221_4 - 10312211_4\) is \(155010_4\).",1322122_{5}-1114002_{5}=,"First, we need to convert the numbers to base 10 in order to perform the subtraction:

$1322122_{5} = 1\cdot5^6 + 3\cdot5^5 + 2\cdot5^4 + 2\cdot5^3 + 1\cdot5^2 + 2\cdot5^1 + 2\cdot5^0 = 3127_{10}$

$1114002_{5} = 1\cdot5^6 + 1\cdot5^5 + 1\cdot5^4 + 4\cdot5^3 + 1\cdot5^1 + 2\cdot5^0 = 2107_{10}$

Subtracting these two in base 10:

$3127_{10} - 2107_{10} = 1020_{10}$

Converting the result back to base 5:

$1020_{10} = 4\cdot5^3 + 2\cdot5^2 = 4020_{5}$

Therefore, $1322122_{5}-1114002_{5} = 4020_{5}$.",322505_{6}-232005_{6}=,"To subtract these two numbers, we line up the numbers vertically and subtract each corresponding place value:

\[
\begin{array}{@{}c@{\;}c@{}c@{}c@{}c@{}c@{}c@{}c}
& & & 3 & 2 & 2 & 5 & 0_6 \\
- & & & 2 & 3 & 2 & 0 & 0_6 \\
\cline{1-8}
& & & 1 & 0 & 0 & 5 & 0_6 \\
\end{array}
\]

Therefore, \( 322505_{6}-232005_{6}=10050_{6} \)",140240_{7}-111644_{7}=,"To subtract these two numbers, we need to align them by place value and then subtract each position starting from the right.

\[
\begin{array}{c@{}c@{}c@{}c@{}c@{}c}
& & & 2_{7} & 4_{7} & 0_{7} \\
- & & 1_{7} & 1_{7} & 1_{7} & 6_{7} \\
\cline{2-6}
& & 1_{7} & 3_{7} & 3_{7} & 4_{7} \\
\end{array}
\]

So, \(140240_{7}-111644_{7} = 13344_{7}\).",63651_{8}-46645_{8}=,"Starting with the conversion of base 8 numbers to base 10:
63651\(_8\) = 6*8^4 + 3*8^3 + 6*8^2 + 5*8^1 + 1*8^0 = 20493\(_{10}\)
46645\(_8\) = 4*8^4 + 6*8^3 + 6*8^2 + 4*8^1 + 5*8^0 = 18565\(_{10}\)

Subtracting the base 10 numbers:
20493 - 18565 = 1928

Therefore, 63651\(_8\) - 46645\(_8\) = 1928\(_{10}\).

Equation: \(63651_{8}-46645_{8}=1928_{10}\)",40355_{9}-30235_{9}=,"To subtract these two numbers, we have to align their digits and subtract each column starting from the rightmost place.

9_{9} - 5_{9} = 4_{9}

5_{9} - 3_{9} = 2_{9}

3_{9} - 2_{9} = 1_{9}

4_{9} - 2_{9} = 2_{9}

Therefore, 40355_{9} - 30235_{9} = 10120_{9}.",26537_{10}-19877_{10}=,26537_{10}-19877_{10}=6660_{10},18A35_{11}-13A30_{11}=,"To solve this, let's convert the numbers to base 10 first:

1. \( 18A35_{11} = 1 \times 11^4 + 8 \times 11^3 + 10 \times 11^2 + 3 \times 11^1 + 5 \times 11^0 = 19745 \)
2. \( 13A30_{11} = 1 \times 11^3 + 3 \times 11^2 + 10 \times 11^1 + 3 \times 11^0 = 1613 \)

Now we can subtract them in base 10:

\( 19745 - 1613 = 18132 \)

Therefore, \( 18A35_{11} - 13A30_{11} = 18132_{10} \).

Equation: \( 18A35_{11} - 13A30_{11} = 18132_{10} \)",13435_{12}-B605_{12}=,"First, we need to align the numbers properly in order to subtract them correctly:

\[
\begin{array}{r}
  1\ 3\ 4\ 3\ 5_{12} \\
-  B\ 6\ 0\ 5_{12} \\
\hline
\end{array}
\]

Converting the numbers we have:
- $B_{12} = 11_{10}$
- $605_{12} = 6 \times 12^2 + 0 \times 12^1 + 5 \times 12^0 = 869_{10}$

Now, let's subtract:

\[
\begin{array}{r}
  1\ 3\ 4\ 3\ 5_{12} \\
-  B\ 6\ 0\ 5_{12} \\
\hline
  2\ 8\ 8\ 0\ 10_{12} \\
\end{array}
\]

Therefore, $13435_{12} - B605_{12} = 2880_{12}$.",C104_{13}-9080_{13}=,"First, we need to convert both numbers to base 10, perform the subtraction, and then convert the result back to base 13.
- Converting C104_{13} to base 10: (12 * 13^3) + (1 * 13^2) + (0 * 13^1) + (4 * 13^0) = 12 * 2197 + 1 * 169 + 0 * 13 + 4 = 26364 + 169 + 0 + 4 = 26537_{10}
- Converting 9080_{13} to base 10: (9 * 13^3) + (0 * 13^2) + (8 * 13^1) + (0 * 13^0) = 9 * 2197 + 0 * 169 + 8 * 13 + 0 = 19773 + 0 + 104 + 0 = 19877_{10}
- Performing the subtraction: 26537_{10} - 19877_{10} = 6660_{10}
- Converting 6660_{10} to base 13: 6660 = (13^3)*3 + (13^2)*6 + (13^1)*6 + (13^0)*0 = 3 6600_{13}

Therefore, C104_{13} - 9080_{13} = 3 6600_{13}.",9957_{14}-735B_{14}=,"First, we need to convert both numbers to base 10 to perform the subtraction: 
\(9957_{14} = 9 \times 14^3 + 9 \times 14^2 + 5 \times 14^1 + 7 \times 14^0 = 18252_{10}\), 
\(735B_{14} = 7 \times 14^3 + 3 \times 14^2 + 5 \times 14^1 + 11 \times 14^0 = 18239_{10}\). 
So, \(9957_{14}-735B_{14} = 18252_{10} - 18239_{10} = 13_{10} = D_{14}\). 
Therefore, \(9957_{14}-735B_{14} = D_{14}\).",7CE2_{15}-5D52_{15}=,"First, we need to convert the numbers to base 10 to perform the subtraction:

$7CE2_{15} = 7*15^3 + 12*15^2 + 14*15^1 + 2*15^0 = 7*3375 + 12*225 + 14*15 + 2*1 = 23625 + 2700 + 210 + 2 = 26337_{10}$

$5D52_{15} = 5*15^3 + 13*15^2 + 5*15^1 + 2*15^0 = 5*3375 + 13*225 + 5*15 + 2*1 = 16875 + 2925 + 75 + 2 = 19877_{10}$

Now, subtracting in base 10: 

$26337_{10} - 19877_{10} = 6460_{10}$

Therefore, $7CE2_{15} - 5D52_{15} = 6460_{10}$",67A9_{16}-4DA5_{16}=,"First, let's convert the hexadecimal numbers to decimal numbers.  

\(67A9_{16} = 6 \times 16^3 + 7 \times 16^2 + 10 \times 16^1 + 9 \times 16^0 = 27433_{10}\)  
\(4DA5_{16} = 4 \times 16^3 + 13 \times 16^2 + 10 \times 16^1 + 5 \times 16^0 = 19877_{10}\)  

Now, let's subtract the decimal numbers:  
\(27433_{10} - 19877_{10} = 7556_{10}\)  

Converting the decimal result back to hexadecimal:  
\(7556_{10} = 1 \times 16^3 + 2 \times 16^2 + 13 \times 16^1 + 4 \times 16^0 = 1D24_{16}\)

Therefore, \(67A9_{16} - 4DA5_{16} = 1D24_{16}\)"
111101000000010_{2}-101101110101001_{2}=,"Converting the numbers to decimal:
111101000000010_{2} = 122978_{10}
101101110101001_{2} = 47049_{10}

Performing subtraction in decimal:
122978_{10} - 47049_{10} = 75929_{10}

Converting the result back to binary:
75929_{10} = 10010100001001001_{2}

Therefore, 111101000000010_{2} - 101101110101001_{2} = 10010100001001001_{2}.",1120211211_{3}-1012012002_{3}=,"To subtract these two ternary numbers, we will first convert them to decimal and then perform the subtraction in decimal before converting the result back to ternary.

Converting \(1120211211_3\) to decimal:
\[1 \times 3^9 + 1 \times 3^8 + 2 \times 3^7 + 0 \times 3^6 + 2 \times 3^5 + 1 \times 3^4 + 1 \times 3^3 + 2 \times 3^2 + 1 \times 3^1 + 1 \times 3^0\]
\[= 19683 + 6561 + 4374 + 486 + 162 + 27 + 9 + 6 + 3 + 1\]
\[= 31202\]

Converting \(1012012002_3\) to decimal:
\[1 \times 3^9 + 0 \times 3^8 + 1 \times 3^7 + 2 \times 3^6 + 0 \times 3^5 + 1 \times 3^4 + 2 \times 3^3 + 0 \times 3^2 + 0 \times 3^1 + 2 \times 3^0\]
\[= 19683 + 4374 + 729 + 81 + 18 + 2\]
\[= 24387\]

Subtracting \(31202 - 24387 = 6823\)

Converting 6823 back to ternary:
\[6823_{10} = 1001122212_3\]

Therefore, \(1120211211_{3} - 1012012002_{3} = 1001122212_{3}\)",13220002_{4}-11232221_{4}=,"First, let's convert the numbers to base 10:
$13220002_{4} = 1*4^7 + 3*4^6 + 2*4^5 + 2*4^4 + 0*4^3 + 0*4^2 + 0*4^1 + 2*4^0 = 18688$
$11232221_{4} = 1*4^7 + 1*4^6 + 2*4^5 + 3*4^4 + 2*4^3 + 2*4^2 + 2*4^1 + 1*4^0 = 10417$

Subtracting the base 10 numbers:
$18688 - 10417 = 8261$

Converting the result back to base 4:
$8261 = 1*4^5 + 3*4^4 + 3*4^3 + 3*4^2 + 3*4^1 + 3*4^0 = 133333_{4}$

$13220002_{4} - 11232221_{4} = 133333_{4}$",1444414_{5}-1222330_{5}=,"Converting the numbers to base 10:
1444414_{5} = 1*5^6 + 4*5^5 + 4*5^4 + 4*5^3 + 4*5^2 + 1*5^1 + 4*5^0 = 78179_{10}
1222330_{5} = 1*5^6 + 2*5^5 + 2*5^4 + 2*5^3 + 3*5^2 + 0*5^1 = 34250_{10}

Subtracting in base 10:
78179_{10} - 34250_{10} = 43929_{10}

Converting the result back to base 5:
43929_{10} = 1*5^6 + 4*5^5 + 2*5^4 + 2*5^3 + 2*5^2 + 4*5^1 + 4*5^0 = 142244_{5}

Therefore, 1444414_{5} - 1222330_{5} = 142244_{5}.",400334_{6}-300345_{6}=,"To subtract 300345_{6} from 400334_{6}, we align the numbers:

\[
\begin{array}{r}
 4 & 0 & 0 & 3 & 3 & 4_{6} \\
- & 3 & 0 & 0 & 3 & 4 & 5_{6} \\
\hline
 1 & 0 & 0 & 0 & 1 & 1_{6} \\
\end{array}
\]

So, 400334_{6} - 300345_{6} = 100011_{6}.",160030_{7}-125261_{7}=,"To subtract these numbers, we need to perform the subtraction in base 7.

First, we will line up the numbers and perform the subtraction:

\[
\begin{array}{r}
\phantom{0}1\phantom{00030_{\ 7}}\\ 
- 1\phantom{25261_{\ 7}}\\ 
\hline
\phantom{0}0\underline{3}\phantom{775_{\ 7}}
\end{array}
\]

Therefore, \(160030_7 - 125261_7 = 30775_7\).",75002_{8}-55651_{8}=,"First, we need to subtract the numbers in base 8:

1. 75002_{8}
2. -55651_{8}
3. 21351_{8}

Therefore, \( 75002_{8} - 55651_{8} = 21351_{8} \).",46754_{9}-35162_{9}=,"First, let's subtract the numbers in base 9:

$46754_{9}-35162_{9} = 46754_{9} - 35162_{9}$

Line up the numbers with their places:

\[
\begin{array}{c@{}c@{\;}c@{}c@{}c@{}c}
               & & 4 & 6 & 7 & 5_{9} \\
       -   & & 3 & 5 & 1 & 6_{9} \\ \hline
               & & & 1 & 6 & 3_{9} \\
\end{array}
\]

Therefore, the result of $46754_{9}-35162_{9} = 163_{9}$.",31234_{10}-23465_{10}=,$31234_{10}-23465_{10}=7769_{10}$,21515_{11}-166A2_{11}=,"To solve this, let's first convert the numbers to base 10:
21515_{11} = 2*11^4 + 1*11^3 + 5*11^2 + 1*11^1 + 5*11^0 = 34252
166A2_{11} = 1*11^3 + 6*11^2 + 10*11^1 + 2*11^0 = 14978

Now, subtract 14978 from 34252:
34252 - 14978 = 19274

Therefore, the result is 19274 in base 10.

So, the equation 21515_{11} - 166A2_{11} = 19274_{10}.",160AA_{12}-116B5_{12}=,"First, we need to convert the numbers to base 10:
1. \( 160AA_{12} = 1 \times 12^4 + 6 \times 12^3 + 0 \times 12^2 + 10 \times 12^1 + 10 \times 12^0 = 23902_{10} \)
2. \( 116B5_{12} = 1 \times 12^4 + 1 \times 12^3 + 6 \times 12^2 + 11 \times 12^1 + 5 \times 12^0 = 14037_{10} \)

Then, we subtract to find the result in base 10: \( 23902_{10} - 14037_{10} = 9865_{10} \)

Finally, we convert the result back to base 12: \( 9865_{10} = 5 \times 12^3 + 3 \times 12^2 + 7 \times 12^1 + 9 \times 12^0 = 53D9_{12} \)

Therefore, \( 160AA_{12} - 116B5_{12} = 53D9_{12} \)",112A8_{13}-A8B0_{13}=,"To compute \(112A8_{13}-A8B0_{13}\), we first need to align the two numbers by placing them above each other:

\[
\begin{array}{r}
  1 & 1 & 2 & A & 8_{13} \\
- & A & 8 & B & 0_{13} \\
\hline
\end{array}
\]

Converting the numbers A and B to their decimal values, we get:

\[
\begin{array}{r}
  1 & 1 & 2 & 10 & 8_{10} \\
- & 10 & 8 & 11 & 0_{10} \\
\hline
\end{array}
\]

Performing the subtraction in decimal:

\[
\begin{array}{r}
  1 & 1 & 2 & 10 & 8_{10} \\
- & 10 & 8 & 11 & 0_{10} \\
\hline
&   & 3  & 22 & 8_{10}
\end{array}
\]

Converting \(3_{10}\) to base 13 gives the final result:

\[
3228_{13}
\]

Therefore, \(112A8_{13}-A8B0_{13}=3228_{13}\).",B550_{14}-87A1_{14}=,"Converting B550_{14} to base 10:
B550_{14} = (11 * 14^3) + (5 * 14^2) + (5 * 14^1) + (0 * 14^0) 
B550_{14} = (11 * 14^3) + (5 * 14^2) + (5 * 14) 
B550_{14} = (11 * 2744) + (5 * 196) + 70 
B550_{14} = 30284 + 980 + 70 
B550_{14} = 31254 

Converting 87A1_{14} to base 10:
87A1_{14} = (8 * 14^3) + (7 * 14^2) + (10 * 14^1) + (1 * 14^0) 
87A1_{14} = (8 * 14^3) + (7 * 14^2) + (10 * 14) + 1 
87A1_{14} = (8 * 2744) + (7 * 196) + 140 + 1 
87A1_{14} = 21952 + 1372 + 140 + 1 
87A1_{14} = 23465 

Performing the subtraction:
31254 - 23465 = 7789 

Therefore, B550_{14} - 87A1_{14} = 7789_{10}.",93C4_{15}-6E45_{15}=,"First, we convert the hexadecimal numbers to base 10:
$93C4_{15} = 9*15^3 + 3*15^2 + 12*15^1 + 4*15^0 = 9*3375 + 3*225 + 12*15 + 4*1 = 30375 + 675 + 180 + 4 = 31334$

$6E45_{15} = 6*15^3 + 14*15^2 + 4*15^1 + 5*15^0 = 6*3375 + 14*225 + 4*15 + 5*1 = 20250 + 3150 + 60 + 5 = 23465$

Therefore, $93C4_{15} - 6E45_{15} = 31334 - 23465 = 7879$

$93C4_{15} - 6E45_{15} = 7879_{10}$",7A02_{16}-5BA9_{16}=,"First, we need to convert the hexadecimal numbers to base 10:
$7A02_{16} = 7*16^3 + 10*16^2 + 0*16 + 2 = 31362_{10}$
$5BA9_{16} = 5*16^3 + 11*16^2 + 10*16 + 9 = 23465_{10}$

Subtracting them in base 10:
$31362_{10} - 23465_{10} = 7897_{10}$

Converting the result back to hexadecimal:
$7897_{10} = 1E79_{16}$

Therefore, 7A02_{16}-5BA9_{16}=1E79_{16}."
1001010101011000_{2}-11011111101011_{2}=,1001010101011000_{2}-11011111101011_{2} =  1001010101011000_{2} -  11011111101011_{2} =  1000111010000111_{2}.,1221110000_{3}-201122012_{3}=,"To compute the result, we can first convert the numbers to base 10, perform the subtraction, and then convert the result back to base 3.

Converting \( 1221110000_{3} \) to base 10:
\( 1 \times 3^{9} + 2 \times 3^{8} + 2 \times 3^{7} + 1 \times 3^{6} + 1 \times 3^{5} + 1 \times 3^{4} + 0 \times 3^{3} + 0 \times 3^{2} + 0 \times 3^{1} + 0 \times 3^{0} = 19683 \)

Converting \( 201122012_{3} \) to base 10:
\( 2 \times 3^{8} + 0 \times 3^{7} + 1 \times 3^{6} + 1 \times 3^{5} + 2 \times 3^{4} + 2 \times 3^{3} + 0 \times 3^{2} + 1 \times 3^{1} + 2 \times 3^{0} = 242280 \)

Performing the subtraction in base 10: \( 19683 - 242280 = -222597 \)

Converting \( -222597 \) to base 3:
We have to express 222597 as the sum of powers of 3:
\( 222597 = 3^11 + 3^10 + 3^9 + 3^7 + 3^6 + 3^3 + 3^2 \)

So, \( -222597_{10} = -101000101000_3 \)

Therefore, \( 1221110000_{3} - 201122012_{3} = -101000101000_3 \)",21111120_{4}-3133223_{4}=,"To compute \(21111120_{4} - 3133223_{4}\), we first convert the numbers to base 10:
 
\(21111120_{4} = 2*4^7 + 1*4^6 + 1*4^5 + 1*4^4 + 1*4^3 + 1*4^2 + 2*4^1 + 0*4^0 = 2*16384 + 1*4096 + 1*1024 + 1*256 + 1*64 + 1*16 + 2*4 + 0*1 = 32768 + 4096 + 1024 + 256 + 64 + 16 + 8 = 37232\)

\(3133223_{4} = 3*4^6 + 1*4^5 + 3*4^4 + 3*4^3 + 2*4^2 + 2*4^1 + 3*4^0 = 3*4096 + 1*1024 + 3*256 + 3*64 + 2*16 + 2*4 + 3*1 = 12288 + 1024 + 768 + 192 + 32 + 8 + 3 = 14115\)

Finally, performing the subtraction \(37232 - 14115 = 23117\),

\(\boxed{21111120_{4} - 3133223_{4} = 23117_{10}}\)",2210412_{5}-424230_{5}=,"To subtract 424230 from 2210412 in base 5, we need to borrow from the leftmost digit:

\[
\begin{array}{}
& & 2_5 & 2_5 & 1_5 & 0_5 & 4_5 & 1_5 & 2_5 \\
- & & & 4_5 & 2_5 & 4_5 & 2_5 & 3_5 & 0_5 \\
\hline
& & 1_5 & 1_5 & 4_5 & 6_5 & 1_5 & 1_5 & 2_5 \\
\end{array}
\]

Therefore, \(2210412_{5} - 424230_{5} = 1146112_{5}\).",453000_{6}-150135_{6}=,"To find the result of the subtraction $453000_{6}-150135_{6}$, let's first align the numbers vertically:

\[
\begin{array}{r}
 453000_{6} \\
-150135_{6} \\
\hline
\end{array}
\]

Subtracting the numbers column by column:

Starting from the rightmost column:

$0 - 5$ = $0$ (as 0 is smaller and borrowing is not possible)

Moving to the next column:

$0 - 3$ = $3$

Moving to the next column:

$0 - 1$ = $5$ (as we need to borrow from the next column - considering 6 as the base)

The next column:

$3 - 0$ = $3$

The next column:

$5 - 5$ = $0$

The leftmost column:

$4 - 1$ = $3$

Therefore, $453000_{6}-150135_{6}=303315_{6}$

\textbf{Final Answer:} $453000_{6}-150135_{6}=303315_{6}$",216315_{7}-56510_{7}=,"To subtract 56510_{7} from 216315_{7}, we can do:

\[
\begin{array}{r}
\underline{216315_{7}} \\
- \underline{56510_{7}} \\
159405_{7}
\end{array}
\]

Therefore, 216315_{7} - 56510_{7} = 159405_{7}.",112530_{8}-33753_{8}=,"To calculate 112530_{8}-33753_{8}, we can simply subtract the numbers in base 8.

1. 112530_{8}
2. -33753_{8}
3. 78775_{8}

Therefore, 112530_{8}-33753_{8}=78775_{8}.",57400_{9}-21565_{9}=,"First, we need to subtract the numbers in base 9:

0 - 5 = -5. In base 9, we need to borrow 1 from the next column, so we have 9 - 5 = 4 in the one's place.
(1 - 1) - 6 = -6. We borrow 1 from the next column, so we have 9 - 6 = 3 in the nine's place.
7 - 5 = 2.

Therefore, 57400_{9} - 21565_{9} = 35834_{9}.",38232_{10}-14315_{10}=,38232_{10}-14315_{10}=23917_{10},267A7_{11}-A834_{11}=,"To subtract two numbers in base 11, we need to perform borrows if necessary.

Converting the numbers to base 10:
267A7_{11} = 2*11^4 + 6*11^3 + 7*11^2 + 10*11^1 + 7*11^0 = 26940_{10}
A834_{11} = 10*11^3 + 8*11^2 + 3*11^1 + 4*11^0 = 12685_{10}

Now subtracting:
26940_{10} - 12685_{10} = 14255_{10}

Converting the result to base 11:
14255_{10} = 10*11^3 + 2*11^2 + 8*11^1 + 1*11^0 = A281_{11}

Therefore, 267A7_{11} - A834_{11} = A281_{11}",1A160_{12}-834B_{12}=,"First, we need to convert the numbers to base 10 to perform the subtraction.

1A160_{12} = (1 * 12^{4}) + (10 * 12^{3}) + (1 * 12^{2}) + (6 * 12^{1}) + (0 * 12^{0}) = 1 * 20736 + 10 * 1728 + 1 * 144 + 6 * 12 + 0 = 20736 + 17280 + 144 + 72 = 38232

834B_{12} = (8 * 12^{3}) + (3 * 12^{2}) + (4 * 12^{1}) + (11 * 12^{0}) = 8 * 1728 + 3 * 144 + 4 * 12 + 11 = 13824 + 432 + 48 + 11 = 14235

Now, we subtract 38232 - 14235 = 23997 and convert this number to base 12.

23997 = 1 * 12^{4} + 9 * 12^{3} + 1 * 12^{2} + 10 * 12^{1} + 5 * 12^{0} = 1A91_{12}

Therefore, 1A160_{12}-834B_{12} = 1A91_{12}",1452C_{13}-6692_{13}=,"First, we need to perform the subtraction in base 13.

Convert the numbers to base 10:
1452C_{13} = 1*13^3 + 4*13^2 + 5*13^1 + 2*13^0 = 2197 + 676 + 65 + 2 = 2940
6692_{13} = 6*13^3 + 6*13^2 + 9*13^1 + 2*13^0 = 1014 + 1014 + 117 + 2 = 2147

Perform the subtraction in base 10: 2940 - 2147 = 793

Convert the result back to base 13:
793 = 7*13^2 + 2*13^1 + 12*13^0 = 7D2_{13}

Therefore, 1452C_{13} - 6692_{13} = 7D2_{13}",DD0C_{14}-5307_{14}=,"First, convert each number to base 10:
$DD0C_{14}=13*14^3 + 13*14^2 + 0*14^1 + 12*14^0= 13*2744 + 13*196 + 0*14 + 12*1= 35672 + 2548 + 0 + 12 = 38232_{10}$
$5307_{14}= 5*14^3 + 3*14^2 + 0*14^1 + 7*14^0 = 5*2744 + 3*196 + 0*14 + 7*1= 13720 + 588 + 0 + 7 = 14315_{10}$

Subtracting the base 10 values:
$38232_{10} - 14315_{10} = 23917_{10}$

Converting the result back to base 14:
$23917_{10}= 2*14^4 + 3*14^3 + 3*14^2 + 6*14^1 + 11*14^0 = 2*38416 + 3*2744 + 3*196 + 6*14 + 11*1 = 76832 + 8232 + 588 + 84 + 11 = 85347_{14}$

$DD0C_{14}-5307_{14}=85347_{14}$",B4DC_{15}-4395_{15}=,"First, we can start by performing the subtraction in base 15:

D - 5 = 8
C - 9 = -1, regroup 1 to the left: 1C
4 - 4 = 0

Therefore, B4DC_{15} - 4395_{15} = 1C80_{15}",9558_{16}-37EB_{16}=,"First, we need to convert the hexadecimal number 37EB to decimal as follows:

37EB_{16} = 3 * 16^3 + 7 * 16^2 + 14 * 16^1 + 11 * 16^0 = 3 * 4096 + 7 * 256 + 14 * 16 + 11 * 1 = 12288 + 1792 + 224 + 11 = 14415_{10}

Now we can subtract 14415_{10} from 9558_{16}:

9558_{16} - 37EB_{16} = 9558_{16} - 14415_{10} = 9558 - 14415 = -4857_{10} = -1305_{16}

Therefore, 9558_{16} - 37EB_{16} = -1305_{16}"
1000000100110011_{2}-10001110100111_{2}=,"Converting the numbers to decimal:
1000000100110011_{2} = 35195_{10}
10001110100111_{2} = 19703_{10}

Performing the subtraction in decimal:
35195_{10} - 19703_{10} = 15492_{10}

Converting the result back to binary:
15492_{10} = 11110000101100_{2}

Therefore, 1000000100110011_{2} - 10001110100111_{2} = 11110000101100_{2}",1200101000_{3}-110112001_{3}=,"To subtract the numbers, we can first convert them to the same base (base 3) and then perform the subtraction:

$1200101000_{3}-110112001_{3} = 1200101000_{3}-110112001_{3}$

$= 392733_{10} - 61370_{10}$

$= 331363_{10}$

Therefore, $1200101000_{3}-110112001_{3}=331363_{10}$.",20010303_{4}-2032213_{4}=,"Converting the numbers to base 10:
\(20010303_{4} = 2 \times 4^7 + 1 \times 4^4 + 3 \times 4^2 + 3 \)
\(20010303_{4} = 32768 + 256 + 48 + 3 = 33075\)

\(2032213_{4} = 2 \times 4^6 + 3 \times 4^5 + 2 \times 4^4 + 2 \times 4 + 3 \)
\(2032213_{4} = 2048 + 192 + 32 + 8 + 3 = 2283\)

Subtracting the converted numbers in base 10:
\(33075 - 2283 = 30792\)

Therefore, \(20010303_{4} - 2032213_{4} = 30792_{10}\)",2024300_{5}-243002_{5}=,"To subtract these two base-5 numbers, we align them according to place value and subtract each digit from right to left. 

\[
\begin{array}{}
  & 2024300_{5} \\
- & 0243002_{5} \\
\hline
\end{array}
\]

Now let's perform the subtraction:

Carrying over where necessary:
\[
\begin{array}{}
  & 2024300_{5} \\
- & 0243002_{5} \\
\hline
  & 100002_5
\end{array}
\]

Therefore, \(2024300_{5} - 243002_{5} = 100002_{5}\).",413043_{6}-110131_{6}=,"To calculate this, we can first convert the numbers to base 10, then perform the subtraction, and finally convert the result back to base 6 to get the final answer.

Converting \( 413043_{6} \) to base 10:
\( 413043_{6} = 4 \times 6^{5} + 1 \times 6^{4} + 3 \times 6^{3} + 0 \times 6^{2} + 4 \times 6^{1} + 3 \times 6^{0} = 37343 \)

Converting \( 110131_{6} \) to base 10:
\( 110131_{6} = 1 \times 6^{5} + 1 \times 6^{4} + 0 \times 6^{3} + 1 \times 6^{2} + 3 \times 6^{1} + 1 \times 6^{0} = 13049 \)

Now, let's subtract 13049 from 37343:
\( 37343 - 13049 = 24294 \)

Converting 24294 to base 6:
\( 24294 = 4 \times 6^{4} + 2 \times 6^{3} + 1 \times 6^{2} + 3 \times 6^{1} + 3 \times 6^{0} = 40233_{6} \)

Therefore, \( 413043_{6} - 110131_{6} = 40233_{6} \)",165300_{7}-35416_{7}=,165300_{7}-35416_{7}=129884_{7},100463_{8}-21647_{8}=,"Converting both numbers to base 10:
\(100463_{8} = 1\cdot8^5 + 0\cdot8^4 + 0\cdot8^3 + 4\cdot8^2 + 6\cdot8^1 + 3\cdot8^0 = 41699_{10}\)
\(21647_{8} = 2\cdot8^4 + 1\cdot8^3 + 6\cdot8^2 + 4\cdot8^1 + 7\cdot8^0 = 9407_{10}\)

Subtracting: \(41699_{10} - 9407_{10} = 32292_{10}\)

Therefore, \(100463_{8} - 21647_{8} = 32292_{10}\)",50330_{9}-13461_{9}=,"To subtract these two numbers, we need to perform the operation in base 9:

\[
\begin{array}{r}
\phantom{+}50330_9 \\
- \phantom{+}13461_9 \\
\hline
\end{array}
\]

We need to borrow from the next higher digit since 0 cannot be subtracted from 1 in base 9:

\[
\begin{array}{r}
\phantom{+}50320_9 \\
- \phantom{+}13461_9 \\
\hline
\end{array}
\]

Performing the subtraction in each digit:

\[
\begin{array}{r}
\phantom{+}50320_9 \\
- \phantom{+}13461_9 \\
\hline
\phantom{+}36451_9
\end{array}
\]

Therefore, \(50330_{9} - 13461_{9} = 36451_{9}\)",33075_{10}-9127_{10}=,33075_{10}-9127_{10}=23948_{10},22939_{11}-6948_{11}=,"To subtract these two numbers, we first need to ensure they have the same base:
$22939_{11} = 2\cdot11^4 + 2\cdot11^3 + 9\cdot11^2 + 3\cdot11^1 + 9\cdot11^0 = 26620_{10}$

$6948_{11} = 6\cdot11^3 + 9\cdot11^2 + 4\cdot11^1 + 8\cdot11^0 = 8470_{10}$

Subtracting $26620_{10}-8470_{10}=18150_{10} = 14221_{11}$

Therefore, $22939_{11} - 6948_{11} = 14221_{11}$.",17183_{12}-5347_{12}=,"To subtract 5347 from 17183 in base 12, we can line up the numbers and perform column subtraction, carrying over when necessary.

\[
\begin{array}{r}
 1_{12} \, 7_{12} \, 1_{12} \, 8_{12} \, 3_{12} \\
- \, \; \; \; 5_{12} \, 3_{12} \, 4_{12} \, 7_{12} \\
\end{array}
\]

Starting from the rightmost column:
- Subtracting 7 from 3 in the ones place requires borrowing. Borrowing 1 from the next column, we have 13 - 7 = 6 in base 12.
- Subtracting 4 from 8 gives 4 in the twelves place.
- In the hundreds place, we directly subtract 5 from 1, which is not possible in base 12. Borrowing 1 from the 7 in the thousands place, we get 11 (11th in base 12) - 5 = 6.
- Finally, subtracting 5 from the leftmost number, we have 1 - 5, which is not possible in base 12. Therefore, the final answer is 5066 in base 12.

Therefore, 17183_{12} - 5347_{12} = 5066_{12}.",12093_{13}-4201_{13}=,"Converting the numbers to base 10:

\(12093_{13} = 1*13^{4} + 2*13^{3} + 0*13^{2} + 9*13^{1} + 3*13^{0} = 28561 \)

\(4201_{13} = 4*13^{3} + 2*13^{2} + 0*13^{1} + 1*13^{0} = 754 \)

Calculating the subtraction in base 10:

\( 28561 - 754 = 27807 \)

Converting the result back to base 13:

\(\boxed{27807_{10}=1A7C6_{13}}\)",C0A7_{14}-347D_{14}=,"First, we need to convert the numbers to base 10. 

C0A7_{14} = 12*14^3 + 0*14^2 + 10*14^1 + 7*14^0 = 12*2744 + 0*196 + 10*14 + 7*1 = 32928 + 0 + 140 + 7 = 33075_{10}

347D_{14} = 3*14^3 + 4*14^2 + 7*14^1 + 13*14^0 = 3*2744 + 4*196 + 7*14 + 13*1 = 8232 + 784 + 98 + 13 = 9127_{10}

Therefore, C0A7_{14} - 347D_{14} = 33075_{10} - 9127_{10} = 23948_{10}

So, C0A7_{14} - 347D_{14} = 23948_{10}",9C00_{15}-2A87_{15}=,"First, we need to convert the given numbers from base 15 to base 10:
$9C00_{15} = 9*15^3 + 12*15^2 = 9*3375 + 12*225 = 30375 + 2700 = 33075_{10}$
$2A87_{15} = 2*15^3 + 10*15^2 + 8*15 = 2*3375 + 10*225 + 120 = 6750 + 2250 + 120 = 9120_{10}$

Next, subtract the two numbers in base 10:
$33075_{10} - 9120_{10} = 23955_{10}$

Therefore, $9C00_{15} - 2A87_{15} = 23955_{10}$.",8133_{16}-23A7_{16}=,"To compute \(8133_{16}-23A7_{16}\), we will first convert the hexadecimal numbers to decimal.

Converting, \(8133_{16} = 8*16^3 + 1*16^2 + 3*16^1 + 3*16^0 = 32787_{10}\).

Converting, \(23A7_{16} = 2*16^3 + 3*16^2 + 10*16^1 + 7*16^0 = 9111_{10}\).

Therefore, \(8133_{16}-23A7_{16} = 32787_{10}-9111_{10} = 23676_{10}\).

Therefore, \(8133_{16}-23A7_{16} = 59AC_{16}\)."
100100000100110_{2}-10001111000110_{2}=,"First, we can pad the shorter binary number with leading zeros to match the length of the longer number:

\( 00100100000100110_{2} - 0001001111000110_{2} \)

Then, we can subtract the two binary numbers as follows:

\[
\begin{array}{c}
  00100100000100110 \\
- 0001001111000110 \\
\hline
  00010000010100000 \\
\end{array}
\]

Therefore, \(100100000100110_{2} - 10001111000110_{2} = 10000010100000_{2}\)",221100002_{3}-110120012_{3}=,"Converting the numbers into base 10, we have:
$221100002_{3} = 2*3^8 + 2*3^7 + 1*3^6 + 1*3^5 + 0*3^4 + 0*3^3 + 0*3^2 + 2*3^1 = 1458$

$110120012_{3} = 1*3^8 + 1*3^7 + 0*3^6 + 1*3^5 + 2*3^4 + 0*3^3 + 0*3^2 + 1*3^1 + 2 = 6606$

So, $1458 - 6606 = -5148_{10} = 101120100_{3}$

$221100002_{3} - 110120012_{3} = 101120100_{3}$",10200212_{4}-2033012_{4}=,"To subtract 2033012 from 10200212 in base 4, we can perform the subtraction as follows:
  
  1_{4}0_{4}2_{4}0_{4}0_{4}2_{4}
- 2_{4}0_{4}3_{4}3_{4}0_{4}1_{4}
-----------------------------------
  0_{4}3_{4}3_{4}0_{4}0_{4}1_{4}

Therefore, 10200212_{4} - 2033012_{4} = 033001_{4}.",1042340_{5}-243113_{5}=,"To subtract two numbers in base 5, we can align them vertically and perform borrowing if needed. 

```
   1042340_{5}
 -   243113_{5}
 --------------
   8001204_{5}
```

Therefore, \(1042340_{5} - 243113_{5} = 8001204_{5}\).",221302_{6}-110222_{6}=,"To solve 221302_{6} - 110222_{6}:
1. Perform the subtraction as we would in base 10:
  \[
\begin{array}{c@{}c@{}c@{}c@{}c@{}c@{}c}
& & & 2 & 2 & 1 & 3 & 0_{6} \\
& - & & 1 & 1 & 0 & 2 & 2_{6} \\
\cline{2-8}
& & & 1 & 1 & 0 & 1 & 2_{6} \\
\end{array}
\]
Therefore, 221302_{6} - 110222_{6} = 11012_{6}.",104564_{7}-35462_{7}=,"To subtract 35462 from 104564 in base 7, we first need to perform borrowing:

\[
\begin{array}{r}
 & 1 & 0 & 4 & 5 & 6 & 4_{7} \\
- & & 3 & 5 & 4 & 6 & 2_{7} \\
\hline
\end{array}
\]

When subtracting in base 7:
$4 - 2 = 2$, $6 - 4 = 2$, $5 - 6$ requires borrowing from the next digit, so we have $15 - 6 = 1$ with $1$ carried over to the next column, $4 - 5$ requires borrowing, so we have $14 - 5 = 6$ with $1$ carried over, $0 - 3$ requires borrowing, so we have $10 - 3 = 4$.

Therefore, $104564_7 - 35462_7 = 42122_7$.",44046_{8}-21706_{8}=,"To compute \(44046_{8} - 21706_{8}\), we can subtract each place value starting from the rightmost digit.

\[
\begin{array}{c}
\phantom{-}4_{8} \\
44_{8} \\
-22_{8} \\
\hline
22_{8}
\end{array}
\]

Therefore, \(44046_{8} - 21706_{8} = 22222_{8}\).",27302_{9}-13505_{9}=,"To subtract two numbers in base 9, we need to perform regrouping when necessary.

Starting from the rightmost digit:
$2_{9}$ subtracted by $5_{9}$ is not possible, so we need to borrow from the next digit.
The $7_{9}$ becomes $6_{9}$ and the $2_{9}$ becomes $11_{9}$.

Thus, we have now $11_{9}$ subtracted by $5_{9}$, which equals $6_{9}$.

Moving on to the next pair of digits:
$10_{9}$ subtracted by $5_{9}$ equals $5_{9}$.

Finally, combining all digits together we have $13897_{9}$ as the result of the subtraction.

Therefore, $27302_{9} - 13505_{9} = 13897_{9}$.",18470_{10}-9158_{10}=,18470_{10}-9158_{10}=9312_{10},12971_{11}-6976_{11}=,"To subtract two numbers in base 11:

Carry out borrowing whenever necessary and then subtract each digit column by column.

Converting 6976_{11} to base 11: 

6976_{11} =  6*11^3 +  9*11^2 + 7*11^1 + 6*11^0 =  6*1331 + 9*121 + 7*11 + 6 = 7986_{10}

12971_{11} - 7986_{10} =  12971_{11} - 7986_{11}

Adding leading zero to 7986_{11} to align the columns:

12971_{11}
-07986_{11}

Starting with the rightmost column:

1 - 6 = -5 
Carry over 1 from the next column.
11 + 2 - 8 = 5
4 - 9 = -5
Carry over 1 from the next column.
11 + 9 - 7 = 13
1 - 0 = 1
Carry over 1 from the next column.
1 - 0 = 1
Carry over 1 from the next column.
1 - 0 = 1

Combining these results, we obtain  5991_{11} as the final result.

Therefore, 12971_{11} - 6976_{11} = 5991_{11}.",A832_{12}-5372_{12}=,"First, we need to convert the numbers to base 10:
A832_{12} = 10*12^3 + 8*12^2 + 3*12^1 + 2*12^0 = 10*1728 + 8*144 + 3*12 + 2 = 17280 + 1152 + 36 + 2 = 18470_{10}
5372_{12} = 5*12^3 + 3*12^2 + 7*12^1 + 2*12^0 = 5*1728 + 3*144 + 7*12 + 2 = 8640 + 432 + 84 + 2 = 9162_{10}

Now, subtracting 5372_{10} from 18470_{10} gives: 18470_{10} - 9162_{10} = 9308_{10}

Therefore, A832_{12} - 5372_{12} = 9308_{10}

Equation: A832_{12} - 5372_{12} = 9308_{10}",853A_{13}-4226_{13}=,"First, we need to convert the numbers to base 10:

$853A_{13} = 8*13^3 + 5*13^2 + 3*13 + 10 = 8*2197 + 5*169 + 3*13 + 10 = 17576 + 845 + 39 + 10 = 18470_{10}$

$4226_{13} = 4*13^3 + 2*13^2 + 2*13 + 6 = 4*2197 + 2*169 + 2*13 + 6 = 8788 + 338 + 26 + 6 = 9162_{10}$

Now, we subtract to find the result in base 10:

$18470_{10}-9162_{10}=9316_{10}$

Therefore, $853A_{13}-4226_{13}=9316_{10}$.",6A34_{14}-34A2_{14}=,"Subtracting in base $14$:
$6A34_{14}-34A2_{14} = (6 \times 14^3 + 10 \times 14^2 + 3 \times 14 + 4) - (3 \times 14^3 + 4 \times 14^2 + 10 \times 14 + 2) =  (6 \times 14^3 + 10 \times 14^2 + 3 \times 14 + 4) - (3 \times 14^3 + 4 \times 14^2 + 10 \times 14 + 2) = (6-3) \times 14^3 + (10-4) \times 14^2 + (3-10) \times 14 + (4-2) = 3 \times 14^3 + 6 \times 14^2 - 7 \times 14 + 2 = 3B62_{14}$

$6A34_{14}-34A2_{14}=3B62_{14}$",5715_{15}-2AA8_{15}=,"To compute this, we convert the hexadecimal number 2AA8 to base 15, and then subtract that from 5715 in base 15.

Converting 2AA8 to base 15:
2AA8_{15} = 2*15^3 + 10*15^2 + 10*15^1 + 8*15^0 
          = 6750 + 2250 + 150 + 8
          = 9158_{15}

Subtracting:
5715_{15} - 9158_{15} = 5715_{15} - 9158_{15} in base 15 = -3443_{15} 

Therefore, the answer is -3443_{15}.",4826_{16}-23C6_{16}=,"To compute the result of the equation, we will simply subtract the two numbers in base 16.

$4826_{16}-23C6_{16}=4826_{16}-9190_{16}=(-4364)_{16}$"
1100001000110_{2}-1001111001001101_{2}=,"To subtract binary numbers, align them and perform subtraction as in decimal form:

\[
\begin{array}{r}
& 1100001000110_2 \\
- & 1001111001001101_2 \\
\hline
\end{array}
\]

1 - 1 = 0 (borrow 1), 1 - 0 = 1, 1 - 1 = 0, 0 - 0 = 0, 0 - 1 = 1 (borrow 1), 0 - 0 = 0, 1 - 0 = 1, 0 - 0 = 0, 1 - 1 = 0, 0 - 1 = 1, 0 - 1 = 1, 1 - 0 = 1, 1 - 1 = 0

Therefore, \( 1100001000110_{2} - 1001111001001101_{2} = 111100111110101_2 \).",22112011_{3}-2001120221_{3}=,"First, we need to convert the numbers to base 10:

$22112011_3 = 2*(3^7) + 2*(3^6) + 1*(3^5) + 1*(3^4) + 2*(3^3) + 0*(3^2) + 1*(3^1) + 1*(3^0) = 43740$

$2001120221_3 = 2*(3^9) + 0*(3^8) + 0*(3^7) + 1*(3^6) + 1*(3^5) + 2*(3^4) + 0*(3^3) + 2*(3^2) + 2*(3^1) + 1*(3^0) = 65691$

Subtract them in base 10: $43740 - 65691 = -21951$

Convert the result back to base 3:

$-21951 = -1*(3^9) - 1*(3^6) - 1*(3^4) - 1*(3^1) = 12220001_3$

Therefore, $22112011_{3} - 2001120221_{3} = 12220001_{3}$.",1201012_{4}-21321031_{4}=,"We first need to convert the numbers to base 10 and then perform the subtraction. 

$1201012_{4} = 1*4^6 + 2*4^5 + 0*4^4 + 1*4^3 + 0*4^2 + 1*4^1 + 2*4^0 = 1024 + 640 + 64 + 16 + 4 + 2 = 1750_{10}$

$21321031_{4} = 2*4^7 + 1*4^6 + 3*4^5 + 2*4^4 + 1*4^3 + 0*4^2 + 3*4^1 + 1*4^0 = 32768 + 4096 + 192 + 32 + 16 + 3 + 1 = 36906_{10}$

Therefore, $1201012_{4}-21321031_{4} = 1750_{10} - 36906_{10} = -35156_{10}$

Thus, $1201012_{4}-21321031_{4} = -35156_{10}$",144324_{5}-2244100_{5}=,"Converting the numbers to base 10 first:
$144324_{5} = 1*5^4 + 4*5^3 + 4*5^2 + 3*5^1 + 2*5^0 = 625 + 500 + 100 + 15 + 2 = 1242_{10}$
$2244100_{5} = 2*5^6 + 2*5^5 + 4*5^4 + 4*5^3 + 1*5^2 = 2500 + 500 + 400 + 100 + 25 = 3525_{10}$

Subtracting in base 10: $1242_{10} - 3525_{10} = -2283_{10}$

Converting the result back to base 5: 
$2283_{10} = 4*5^4 + 1*5^3 + 3*5^2 + 3*5^1 + 3*5^0 = 4000 + 125 + 75 + 15 + 3 = 4213_{5}$

$144324_{5} - 2244100_{5} = -2283_{10} = 4213_{5}$",44434_{6}-511341_{6}=,"Converting both numbers to base 10, we get: \
$44434_{6} = 4*6^4 + 4*6^3 + 4*6^2 + 3*6 + 4 = 5184 + 864 + 144 + 18 + 4 = 6214_{10}$ \
$511341_{6} = 5*6^5 + 1*6^4 + 1*6^3 + 3*6^2 + 4*6 + 1 = 51840 + 7776 + 216 + 108 + 24 + 1 = 60005_{10}$ \
Subtracting $6214_{10} - 60005_{10} = 6214 - 60005 = -53791_{10}$ \
Therefore, $44434_{6} - 511341_{6} = -53791_{10}$

$\boxed{44434_{6} - 511341_{6} = -53791_{10}}$",24055_{7}-226102_{7}=,"To subtract these numbers in base 7, we need to perform the operation digit by digit, borrowing when necessary. 

Starting from the rightmost digit:
\(5 - 2 = 3\) (no borrowing needed)
\(5 - 0 = 5\) (no borrowing needed)
\(0 - 1 = 6\) (borrowing 1 from the next column)
\(4 - 6 = 5\) (borrowing 1 from the next column)
\(2 - 2 = 0\) (no borrowing needed)
\(0 - 2 = 5\) (borrowing 1 from the next column)
\(2 - 2 = 0\) (no borrowing needed)

Therefore, \(24055_{7} - 226102_{7} = 15353_{7}\).",14106_{8}-117115_{8}=,"To compute the difference between \(14106_{8}\) and \(117115_{8}\), we first need to convert both numbers to base 10 and then subtract them.

Converting \(14106_{8}\) to base 10:

\(14106_{8} = 6 \times 8^0 + 0 \times 8^1 + 1 \times 8^2 + 4 \times 8^3 + 1 \times 8^4 = 6 + 0 + 64 + 256 + 32768 = 33194\).

Converting \(117115_{8}\) to base 10:

\(117115_{8} = 5 \times 8^0 + 1 \times 8^1 + 1 \times 8^2 + 7 \times 8^3 + 1 \times 8^4 = 5 + 8 + 64 + 3584 + 4096 = 7757\).

Subtracting \(117115_{8}\) from \(14106_{8}\) in base 10 gives \(33194 - 7757 = 25437\).

Therefore, \(14106_{8} - 117115_{8} = 25437_{10}\).",8464_{9}-61527_{9}=,"First, let's convert the numbers to base-10 to make the subtraction easier:
$8464_{9} = 8*9^3 + 4*9^2 + 6*9 + 4 = 5836_{10}$.
$61527_{9} = 6*9^4 + 1*9^3 + 5*9^2 + 2*9 + 7 = 21750_{10}$.

Now, perform the subtraction in base-10: $5836_{10} - 21750_{10} = -15914_{10}$.

Finally, convert the result back to base-9:
$-15914_{10} = -1*9^4 + 5*9^3 + 4*9^2 + 2*9 + 5 = -15414_{9}$.

Therefore, $8464_{9} - 61527_{9} = -15414_{9}$.",6214_{10}-40525_{10}=,6214_{10}-40525_{10}=-34311_{10},473A_{11}-284A1_{11}=,"First, we need to perform the subtraction in base 11.

1. Convert A (base 11) to 10 (base 10):
A = 10

2. Perform the subtraction in base 10:
473A (base 11) = 4*11^3 + 7*11^2 + 3*11^1 + 10*11^0 = 5324 (base 10)
284A1 (base 11) = 2*11^3 + 8*11^2 + 4*11^1 + 10*11^0 = 3088 (base 10)
5324 - 3088 = 2236 (base 10)

3. Convert the result back to base 11:
2236 (base 10) = 1*11^3 + 2*11^2 + 8*11^1 + 4*11^0 = 1284 (base 11)

Therefore, 473A_{11}-284A1_{11} = 1284_{11}.",371A_{12}-1B551_{12}=,"To compute this, we first convert 371A\(_{12}\) to base 10:

3*12^3 + 7*12^2 + 1*12^1 + 10*12^0
= 3*1728 + 7*144 + 1*12 + 10*1
= 5184 + 1008 + 12 + 10
= 6204

Next, we convert 1B551\(_{12}\) to base 10:

1*12^4 + 11*12^3 + 5*12^2 + 5*12^1 + 1*12^0
= 1*20736 + 11*1728 + 5*144 + 5*12 + 1*1
= 20736 + 19008 + 720 + 60 + 1
= 40425

Finally, we subtract the two results to get:

6204 - 40425
= -34221

Therefore, 371A\(_{12}\) - 1B551\(_{12}\) = -34221\(_{10}\).

Final result: 371A_{12} - 1B551_{12} = -34221_{10}",2AA0_{13}-155A4_{13}=,"First, convert the numbers to base 10:
2AA0_{13} = 2*(13^3) + 10*(13^2) + 10*(13^1) + 0*(13^0) = 2*2197 + 10*169 + 10*13 + 0 = 4394 + 1690 + 130 = 6214_{10}
155A4_{13} = 1*(13^4) + 5*(13^3) + 5*(13^2) + 10*(13^1) + 4*(13^0) = 1*28561 + 5*2197 + 5*169 + 10*13 + 4 = 28561 + 10985 + 845 + 130 + 4 = 40025_{10}

Now, subtract in base 10:
6214_{10} - 40025_{10} = -33811_{10}

Convert the result back to base 13:
-33811_{10} = -2*(13^4) + 2*(13^3) - 7*(13^2) + 4*(13^1) + 6*(13^0) = -2*28561 + 2*2197 - 7*169 + 4*13 + 6 = -57122 + 4394 - 1183 + 52 + 6 = -52953 = -29247_{13}

Therefore, 2AA0_{13} - 155A4_{13} = -29247_{13}",239C_{14}-10AA9_{14}=,"Converting $239C_{14}$ and $10AA9_{14}$ into base 10 gives $239C_{14} = 2*14^3 + 3*14^2 + 9*14 + 12 = 2*2744 + 3*196 + 9*14 + 12 = 5488 + 588 + 126 + 12 = 6202$ and $10AA9_{14} = 1*14^4 + 0*14^3 + 10*14^2 + 10*14 + 9 = 1*38416 + 0*2744 + 10*196 + 10*14 + 9 = 38416 + 0 + 1960 + 140 + 9 = 40649$. Thus, $239C_{14} - 10AA9_{14} = 6202 - 40649 = -34447$. Therefore, $239C_{14} - 10AA9_{14} = -34447_{10}$.",1C94_{15}-C01A_{15}=,"To compute $1C94_{15}-C01A_{15}$, we first need to convert the numbers to base 10:

$1C94_{15} = 1*(15^3) + 12*(15^2) + 9*(15^1) + 4*(15^0) = 42754_{10}$

$C01A_{15} = 12*(15^3) + 0*(15^2) + 1*(15^1) + 10*(15^0) = 49146_{10}$

Subtracting $C01A_{15}$ from $1C94_{15}$ gives:

$42754_{10} - 49146_{10} = -6392_{10}$

Therefore, $1C94_{15}-C01A_{15} = -6392_{10}$.",1846_{16}-9E4D_{16}=,"To subtract two hexadecimal numbers, we need to perform borrowing when necessary.

\[
\begin{array}{l}
\begin{array}{r}
1846_{16} \\
-\underline{9E4D_{16}} \\
B399_{16}
\end{array}
\end{array}
\]

Therefore, \( 1846_{16}-9E4D_{16}=B399_{16} \)."
100000000100001_{2}-1000100001010110_{2}=,"Converting the given numbers to decimal, we have:
\(100000000100001_{2} = 879681_10\), 
\(1000100001010110_{2} = 350062_10\).

Performing the subtraction \(879681_10 - 350062_10 = 529619_10\).

Therefore, \(100000000100001_{2} - 1000100001010110_{2} = 1000011010100011_{2}\).",211112001_{3}-1202212200_{3}=,"To compute \(211112001_{3}-1202212200_{3}\), we first need to align the numbers and subtract as shown below:

\[
\begin{array}{c@{}c@{}c@{}c@{}c@{}c@{}c@{}c@{}c}
& & & 2 & 1 & 1 & 1 & 1 & 2 & 0 & 0 & 1_{3} \\
- & & 1 & 2 & 0 & 2 & 2 & 1 & 2 & 2 & 0 & 0 & 0_{3} \\
\cline{2-13}
& & & 1 & 1 & 0 & 1 & 2 & 0 & 2 & 2 & 1 & 1_{3} \\
\end{array}
\]

Therefore, \(211112001_{3}-1202212200_{3} = 1101202211_{3}\).",10000201_{4}-20201112_{4}=,"Converting the given numbers to base 10:
\(10000201_{4} = 4^7 + 4^2 + 1 = 16385\),
\(20201112_{4} = 2*4^7 + 2*4^6 + 4^4 + 1 = 32848\).

Performing the subtraction: \(32848 - 16385 = 16463\).

Therefore, \(10000201_{4} - 20201112_{4} = 16463_{10}\).",1011132_{5}-2104102_{5}=,"To compute the difference of \( 1011132_{5} - 2104102_{5} \), we first need to align the digits properly, and then perform the subtraction:

\[
\begin{array}{}
& & 1 & 0 & 1 & 1 & 1 & 3 & 2_{5} \\
- & & 2 & 1 & 0 & 4 & 1 & 0 & 2_{5} \\
\hline
& & & 4 & 0 & 0 & 4 & 3_{5} \\
\end{array}
\]

Therefore, \( 1011132_{5} - 2104102_{5} = 40043_{5} \).",204001_{6}-425330_{6}=,"To subtract $425330_{6}$ from $204001_{6}$, we need to borrow from the next highest place value.
\[
\begin{array}{r}
1_{6} \\
-3_{6} \\
-3_{6} \\
-3_{6} \\
1_{6} \\
\end{array}
\]
Therefore, $204001_{6}-425330_{6} = 131314_{6}$.",65602_{7}-203520_{7}=,"To compute \(65602_7 - 203520_7\), we can align the numbers and perform the subtraction in base 7:

\[
\begin{array}{r}
\phantom{0}65602_7 \\
- \phantom{0}203520_7 \\
\hline
\end{array}
\]

Carrying out the subtraction:

\[
\begin{array}{r}
\phantom{0}65602_7 \\
- \phantom{0}203520_7 \\
\hline
\phantom{0}45202_7 \\
\end{array}
\]

Therefore, \(65602_7 - 203520_7 = 45202_7\).

\[
65602_{7} - 203520_{7} = 45202_{7}
\]",40041_{8}-104126_{8}=,"To calculate the result of \( 40041_{8} - 104126_{8} \), we need to first convert the numbers to base 10, then perform the subtraction, and finally convert the result back to base 8.

Converting \( 40041_{8} \) to base 10:

\( 40041_{8} = 4*8^{4} + 0*8^{3} + 0*8^{2} + 4*8^{1} + 1*8^{0} = 4*4096 + 4*8 + 1 = 16384 + 32 + 1 = 16417 \)

Converting \( 104126_{8} \) to base 10:

\( 104126_{8} = 1*8^{5} + 0*8^{4} + 4*8^{3} + 1*8^{2} + 2*8^{1} + 6*8^{0} = 32768 + 512 + 32 + 8 + 6 = 33316 \)

Performing the subtraction: \( 16417 - 33316 = -16899 \)

Converting the result back to base 8:

Since the result is negative, we need to consider its absolute value and include a negative sign at the end.

The absolute value of -16899 is 16899.

Converting 16899 to base 8:  
\( 16899 = 3*8^{4} + 5*8^{3} + 0*8^{2} + 0*8^{1} + 3*8^{0} = 3*4096 + 5*512 + 3 = 12288 + 2560 + 3 = 14851 \)

Thus, \( 40041_{8} - 104126_{8} = -14851_{8} \).",24461_{9}-52780_{9}=,"To subtract in base 9, we can borrow 1 from the digit to the left if needed. 

Converting both numbers to base 10:
24461_{9} = 2*9^4 + 4*9^3 + 4*9^2 + 6*9 + 1 = 6626_{10}
52780_{9} = 5*9^4 + 2*9^3 + 7*9^2 + 8*9 = 36041_{10}

Subtracting in base 10:
6626_{10} - 36041_{10} = -29415_{10}

Converting the result back to base 9:
-29415_{10} = -3*9^4 - 2*9^3 - 5*9^2 - 3*9 = -32323_{9}

Therefore, 24461_{9} - 52780_{9} = -32323_{9}.",16417_{10}-34902_{10}=,16417_{10}-34902_{10} = -18485_{10},11375_{11}-2424A_{11}=,"To perform the subtraction 11375_{11} - 2424A_{11}, we need to borrow from the leftmost digit:

\[
\begin{array}{c@{}c@{}c@{}c@{}c@{}c}
& & \cancel{1} & 1 & 3 & 7 & 5_{11} \\
& - & 2 & 4 & 2 & 4 & A_{11} \\
\cline{2-6}
\end{array}
\]

After borrowing, the calculation becomes:

\[
\begin{array}{c@{}c@{}c@{}c@{}c@{}c}
& \cancel{1} & \cancelto{11}{11} & 2 & 4 & 7 & 5_{11} \\
& - & 2 & 4 & 2 & 4 & A_{11} \\
\cline{2-6}
\end{array}
\]

Now, we subtract each column:

Units: $5-10 = -5 = 6_{11}$

Elevens: $7-4 = 3_{11}$

Twelves: $4-2 = 2_{11}$

Thirty-sixes: $2-2 = 0_{11}$

So, the result is $2036_{11}$.

Therefore, $11375_{11}-2424A_{11}=2036_{11}$.",9601_{12}-18246_{12}=,"To perform the subtraction, we first need to align the numbers properly:

\[
\begin{array}{c@{}c@{}c@{}c@{}c@{}c}
& & & 9 & 6 & 0 & 1_{12} \\
- & & 1 & 8 & 2 & 4 & 6_{12} \\
\hline
\end{array}
\]

Now, let's perform the subtraction in base-12:

$1_{12}$ is borrowed from the next higher significant digit making it $10_{12}$.

\[
\begin{array}{c@{}c@{}c@{}c@{}c@{}c}
& 10 & & 9 & 5 & 0 & 1_{12} \\
- & 1 & 8 & 2 & 4 & 6_{12} \\
\hline
& 9 & 9 & 12 & 11 & 8_{12} \\
\end{array}
\]

Convert back 12 to 10+2 in base-10:

\[
\begin{array}{c@{}c@{}c@{}c@{}c@{}c}
& 9 & 9 & 10+2 & 11 & 8_{12} \\
\end{array}
\]

Therefore, $9601_{12} - 18246_{12} = 9923_{12}$.",761B_{13}-12B6A_{13}=,"To compute this, we will first convert the numbers to base 10, perform the subtraction, and then convert the result back to base 13.

Converting \( 761B_{13} \) to base 10:
\( 7 \times 13^3 + 6 \times 13^2 + 1 \times 13^1 + 11 \times 13^0 = 7 \times 2197 + 6 \times 169 + 1 \times 13 + 11 \times 1 = 15379 + 1014 + 13 + 11 = 16317 \).

Converting \( 12B6A_{13} \) to base 10:
\( 1 \times 13^4 + 2 \times 13^3 + 11 \times 13^2 + 6 \times 13^1 + 10 \times 13^0 = 1 \times 28561 + 2 \times 2197 + 11 \times 169 + 6 \times 13 + 10 \times 1 = 28561 + 4394 + 1861 + 78 + 10 = 34904 \).

Subtracting \( 34904 - 16317 = 18587 \).

Converting 18587 to base 13:
\( 18587 = 1 \times 13^4 + 4 \times 13^3 + 12 \times 13^2 + 7 \times 13^1 + 6 \times 13^0 = 1 \times 28561 + 4 \times 2197 + 12 \times 169 + 7 \times 13 + 6 \times 1 = 28561 + 8788 + 2028 + 91 + 6 = 39474 \).

Therefore, \( 761B_{13} - 12B6A_{13} = 39474_{13} \).",5DA9_{14}-CA10_{14}=,"To subtract these two numbers, we need to borrow from the left. 

\[
\begin{array}{r}
\underline{5DA9_{14}} \\
-CA10_{14} \\ \hline
20F9_{14}
\end{array}
\]

Therefore, \(5DA9_{14}-CA10_{14}=20F9_{14}\).",4CE7_{15}-A51C_{15}=,"First, we need to convert the hexadecimal numbers to decimal numbers:
4CE7_{15} = 4*15^3 + 12*15^2 + 14*15^1 + 7*15^0 = 4*3375 + 12*225 + 14*15 + 7*1 = 13500 + 2700 + 210 + 7 = 16017_{10}
A51C_{15} = 10*15^3 + 5*15^2 + 1*15^1 + 12*15^0 = 10*3375 + 5*225 + 15 + 12*1 = 33750 + 1125 + 15 + 12 = 34812_{10}

Now, subtracting these two decimal numbers:
16017 - 34812 = -18795_{10}

Therefore, 4CE7_{15} - A51C_{15} = -4767_{10}. 

Equation: 4CE7_{15} - A51C_{15} = 16017_{10} - 34812_{10} = -18795_{10}",4021_{16}-8856_{16}=,"First, we will convert the hexadecimal numbers to decimal:
4021_{16} = 4*16^3 + 2*16^2 + 1*16^1 = 16384 + 512 + 16 = 16912_{10}
8856_{16} = 8*16^3 + 8*16^2 + 5*16^1 + 6*16^0 = 32768 + 2048 + 80 + 6 = 34902_{10}

Now, subtracting the decimal equivalents:
16912_{10}-34902_{10}= -17990_{10}

Converting the result back to hexadecimal:
-17990_{10} = -44E6_{16}

Therefore, 4021_{16}-8856_{16} = -44E6_{16}"
